{"cameraMode":{"drawMode":0,"name":"Shaded","section":"Shading Mode"},"sceneLighting":true,"audioPlay":false,"sceneViewState":{"showFog":true,"showMaterialUpdate":false,"showSkybox":true,"showFlares":true,"showImageEffects":true,"showParticleSystems":true},"in2DMode":false,"pivot":{"x":6588.27099609375,"y":1012.0958251953125,"z":126.86772918701172},"rotation":{"x":-0.05087645724415779,"y":0.9253754019737244,"z":-0.13418087363243104,"w":-0.350838303565979},"size":14.760493278503418,"orthographic":true}