{"cameraMode":{"drawMode":0,"name":"Shaded","section":"Shading Mode"},"sceneLighting":false,"audioPlay":false,"sceneViewState":{"showFog":true,"showMaterialUpdate":false,"showSkybox":true,"showFlares":true,"showImageEffects":true,"showParticleSystems":true},"in2DMode":false,"pivot":{"x":0.1236572265625,"y":450.7249755859375,"z":-28.79583740234375},"rotation":{"x":-0.10504819452762604,"y":0.6893376708030701,"z":-0.1020716205239296,"w":-0.7094786167144775},"size":2825.03662109375,"orthographic":false}